"iso","name","region","income","sigma_er","openness","n"
"AGO","Angola","Sub-Saharan Africa","Lower middle income",1.08415837379558,74.3825661849962,23
"ALB","Albania","Europe & Central Asia","Upper middle income",0.115655263365682,67.8421309981251,33
"ARE","United Arab Emirates","Middle East, North Africa, Afghanistan & Pakistan","High income",6.4310311858707e-05,147.634132821483,23
"ARG","Argentina","Latin America & Caribbean","Upper middle income",0.31952350671405,28.4660101114559,35
"ARM","Armenia","Europe & Central Asia","Upper middle income",0.627706649583207,82.1294446980299,32
"AUS","Australia","East Asia & Pacific","High income",0.0863699212070926,40.7142665697121,35
"AUT","Austria","Europe & Central Asia","High income",0.449342510102243,92.5990069610875,35
"AZE","Azerbaijan","Europe & Central Asia","Upper middle income",0.524660021290396,87.6090108708247,33
"BEL","Belgium","Europe & Central Asia","High income",0.632001100369909,144.899322026642,35
"BEN","Benin","Sub-Saharan Africa","Lower middle income",0.137362813377739,51.6308665258497,35
"BFA","Burkina Faso","Sub-Saharan Africa","Low income",0.137418942684747,45.8262536737441,35
"BGD","Bangladesh","South Asia","Lower middle income",0.03842717518458,31.9405484187211,35
"BGR","Bulgaria","Europe & Central Asia","High income",0.436662068679038,103.336481846295,34
"BHR","Bahrain","Middle East, North Africa, Afghanistan & Pakistan","High income",1.77556648765108e-08,144.970677750137,35
"BIH","Bosnia and Herzegovina","Europe & Central Asia","Upper middle income",0.075746977927908,92.0941382741778,28
"BLR","Belarus","Europe & Central Asia","Upper middle income",0.416474172063114,125.208331240317,31
"BOL","Bolivia","Latin America & Caribbean","Lower middle income",0.0420419810800276,57.652347502336,35
"BRA","Brazil","Latin America & Caribbean","Upper middle income",0.825090714601557,24.9308796949648,35
"BRN","Brunei Darussalam","East Asia & Pacific","High income",0.0435495432610211,92.271803043058,35
"BTN","Bhutan","South Asia","Lower middle income",0.0674339855910586,85.0924459298714,35
"BWA","Botswana","Sub-Saharan Africa","Upper middle income",0.0803241018131674,93.8938981559927,35
"CAF","Central African Republic","Sub-Saharan Africa","Low income",0.137418942684747,43.2775332525333,35
"CAN","Canada","North America","High income",0.0555395127589821,66.1787876019167,35
"CHE","Switzerland","Europe & Central Asia","High income",0.0692672598895583,105.588238910166,35
"CHL","Chile","Latin America & Caribbean","High income",0.0779953820154333,62.6138005306116,35
"CHN","China","East Asia & Pacific","Upper middle income",0.0786083360358015,41.1443326863433,35
"CIV","Cote d'Ivoire","Sub-Saharan Africa","Lower middle income",0.137418942684747,56.5615288080715,35
"CMR","Cameroon","Sub-Saharan Africa","Lower middle income",0.137418942684747,42.8884783874034,35
"COD","Congo, Dem. Rep.","Sub-Saharan Africa","Low income",1.38834120283919,60.9157029718853,30
"COG","Congo, Rep.","Sub-Saharan Africa","Lower middle income",0.137418942684747,112.289471281241,35
"COL","Colombia","Latin America & Caribbean","Upper middle income",0.107008782646975,36.6988773134355,35
"COM","Comoros","Sub-Saharan Africa","Lower middle income",0.0998589323831538,37.8988142450477,35
"CPV","Cabo Verde","Sub-Saharan Africa","Upper middle income",0.0781068383208325,89.7534045800717,35
"CRI","Costa Rica","Latin America & Caribbean","High income",0.0787113615645767,75.7738479446801,35
"CYP","Cyprus","Europe & Central Asia","High income",0.105798312251612,131.293644051538,35
"CZE","Czechia","Europe & Central Asia","High income",0.0886728557215946,114.562546881293,32
"DEU","Germany","Europe & Central Asia","High income",0.132512382190369,65.4104991290236,35
"DNK","Denmark","Europe & Central Asia","High income",0.0765772865732113,92.3884477284575,35
"DOM","Dominican Republic","Latin America & Caribbean","Upper middle income",0.134319689174896,64.0242143859461,35
"DZA","Algeria","Middle East, North Africa, Afghanistan & Pakistan","Upper middle income",0.151778578536292,54.4640462499534,35
"ECU","Ecuador","Latin America & Caribbean","Upper middle income",1.6303219511988,54.0606764216748,35
"EGY","Egypt, Arab Rep.","Middle East, North Africa, Afghanistan & Pakistan","Lower middle income",0.184779470020254,46.5607637040568,35
"ERI","Eritrea","Sub-Saharan Africa","Low income",0.118798150473895,71.9149224083902,20
"ESP","Spain","Europe & Central Asia","High income",0.875277845463647,55.9206103747002,35
"EST","Estonia","Europe & Central Asia","High income",0.509678414470191,143.729768745499,32
"FIN","Finland","Europe & Central Asia","High income",0.31360269197101,72.1029339806194,35
"FJI","Fiji","East Asia & Pacific","Upper middle income",0.0812536544978706,115.965089762458,35
"FRA","France","Europe & Central Asia","High income",0.324484000992742,56.8135401175175,35
"FRO","Faroe Islands","Europe & Central Asia","High income",0.0765772865732113,99.6277479028794,35
"GAB","Gabon","Sub-Saharan Africa","Upper middle income",0.137418942684747,85.7955849183861,35
"GBR","United Kingdom","Europe & Central Asia","High income",0.0663777633398924,55.8012066539456,35
"GEO","Georgia","Europe & Central Asia","Upper middle income",0.105848530725639,88.0749804380846,29
"GHA","Ghana","Sub-Saharan Africa","Lower middle income",0.152117858613073,73.9671555946378,35
"GIN","Guinea","Sub-Saharan Africa","Lower middle income",0.122318241963011,63.7093261313166,31
"GMB","Gambia, The","Sub-Saharan Africa","Low income",0.0916540013573566,53.1511505665579,35
"GNB","Guinea-Bissau","Sub-Saharan Africa","Low income",0.137418942684747,47.2645063214047,35
"GNQ","Equatorial Guinea","Sub-Saharan Africa","Upper middle income",0.137418942684747,104.28259193733,20
"GRC","Greece","Europe & Central Asia","High income",0.999961820184323,57.6912780835964,35
"GRL","Greenland","Europe & Central Asia","High income",0.0765772865732115,93.5552554659993,21
"GTM","Guatemala","Latin America & Caribbean","Upper middle income",0.0400890164176406,53.2269639477573,35
"HKG","Hong Kong SAR, China","East Asia & Pacific","High income",0.00321178486795083,324.110157141824,35
"HND","Honduras","Latin America & Caribbean","Lower middle income",0.0216793677368596,112.061233802696,25
"HRV","Croatia","Europe & Central Asia","High income",0.606747158233458,84.6635144876269,30
"HTI","Haiti","Latin America & Caribbean","Lower middle income",0.133037886056487,36.8496333756275,35
"HUN","Hungary","Europe & Central Asia","High income",0.103058045712905,132.69068520093,34
"IDN","Indonesia","East Asia & Pacific","Upper middle income",0.22444410297903,52.2186322880933,35
"IND","India","South Asia","Lower middle income",0.0674339855910586,36.7419695156245,35
"IRL","Ireland","Europe & Central Asia","High income",0.0890141534544206,178.820688272447,35
"IRN","Iran, Islamic Rep.","Middle East, North Africa, Afghanistan & Pakistan","Upper middle income",0.556737581566899,44.1127164879231,34
"IRQ","Iraq","Middle East, North Africa, Afghanistan & Pakistan","Upper middle income",0.0494804747603308,71.2251506285457,34
"ISL","Iceland","Europe & Central Asia","High income",0.11611223937702,77.9830335206394,35
"ISR","Israel","Middle East, North Africa, Afghanistan & Pakistan","High income",0.067541294702722,62.8084145752752,35
"ITA","Italy","Europe & Central Asia","High income",1.2946130626231,50.6192363751919,35
"JPN","Japan","East Asia & Pacific","High income",0.0941212731883027,27.1590708578112,35
"KAZ","Kazakhstan","Europe & Central Asia","Upper middle income",0.149922442901178,78.1042745512763,31
"KEN","Kenya","Sub-Saharan Africa","Lower middle income",0.11784231982697,50.3738243914222,35
"KGZ","Kyrgyz Republic","Europe & Central Asia","Lower middle income",0.139090487130779,103.72747871312,31
"KHM","Cambodia","East Asia & Pacific","Lower middle income",0.182104501600404,113.088341199683,32
"KIR","Kiribati","East Asia & Pacific","Lower middle income",0.0863699212070925,101.060888631697,35
"KOR","Korea, Rep.","East Asia & Pacific","High income",0.10161009236957,69.8817637014857,35
"KWT","Kuwait","Middle East, North Africa, Afghanistan & Pakistan","High income",0.0225632923723202,94.1934530577574,33
"LAO","Lao PDR","East Asia & Pacific","Lower middle income",0.219565983648995,71.9451253026531,27
"LBN","Lebanon","Middle East, North Africa, Afghanistan & Pakistan","Lower middle income",0.497606111400088,78.5884212248018,35
"LBY","Libya","Middle East, North Africa, Afghanistan & Pakistan","Upper middle income",0.234962735876007,79.6896985963018,35
"LKA","Sri Lanka","South Asia","Lower middle income",0.0862315900072547,64.6675610558319,29
"LTU","Lithuania","Europe & Central Asia","High income",0.25517622470177,123.968856992654,30
"LUX","Luxembourg","Europe & Central Asia","High income",0.632001100369909,287.495940571756,35
"LVA","Latvia","Europe & Central Asia","High income",0.0932825429747582,110.907242862798,30
"MAC","Macao SAR, China","East Asia & Pacific","High income",0.00320133528022009,134.549623727832,35
"MAR","Morocco","Middle East, North Africa, Afghanistan & Pakistan","Lower middle income",0.0606875868595434,64.8419286877083,35
"MDA","Moldova","Europe & Central Asia","Upper middle income",0.150698314254517,110.576014904257,30
"MDG","Madagascar","Sub-Saharan Africa","Low income",0.130941551255435,51.8227665244139,35
"MEX","Mexico","Latin America & Caribbean","Upper middle income",0.126804374781541,57.2603949451508,35
"MKD","North Macedonia","Europe & Central Asia","Upper middle income",0.0874429420676139,99.6373518158213,31
"MLI","Mali","Sub-Saharan Africa","Low income",0.137418942684747,47.3823671041908,35
"MLT","Malta","Middle East, North Africa, Afghanistan & Pakistan","High income",0.149175670296264,187.335005040726,35
"MNE","Montenegro","Europe & Central Asia","Upper middle income",0.0784111623359367,105.82899591468,25
"MNG","Mongolia","East Asia & Pacific","Upper middle income",0.435955701331135,111.876587333673,34
"MOZ","Mozambique","Sub-Saharan Africa","Low income",0.183814172779265,79.4587862554334,34
"MRT","Mauritania","Sub-Saharan Africa","Lower middle income",0.0769708400366826,77.2504956846379,33
"MUS","Mauritius","Sub-Saharan Africa","Upper middle income",0.0623840771718482,124.795305083437,35
"MYS","Malaysia","East Asia & Pacific","Upper middle income",0.0764958245431097,165.740116362578,35
"NAM","Namibia","Sub-Saharan Africa","Lower middle income",0.118199211160307,94.8309064392757,35
"NCL","New Caledonia","East Asia & Pacific","High income",0.0756325958437562,55.7051800735035,35
"NER","Niger","Sub-Saharan Africa","Low income",0.137418942684747,37.0790890410106,35
"NIC","Nicaragua","Latin America & Caribbean","Lower middle income",0.575209082538692,82.0578449397378,35
"NLD","Netherlands","Europe & Central Asia","High income",0.149911349508207,131.971545944427,35
"NOR","Norway","Europe & Central Asia","High income",0.0825786704899081,70.0148102858298,35
"NPL","Nepal","South Asia","Lower middle income",0.0637965652117533,46.4558832503514,35
"NZL","New Zealand","East Asia & Pacific","High income",0.0965643929198949,56.662768373639,35
"PAK","Pakistan","Middle East, North Africa, Afghanistan & Pakistan","Lower middle income",0.0785323335282525,30.5886998388344,35
"PER","Peru","Latin America & Caribbean","Upper middle income",0.263313259555675,42.8820174909777,35
"PHL","Philippines","East Asia & Pacific","Lower middle income",0.0814898239315909,66.9079848858106,35
"POL","Poland","Europe & Central Asia","High income",0.11499588512479,81.0405073125269,30
"PRT","Portugal","Europe & Central Asia","High income",0.906234766545973,71.3361066269521,35
"PRY","Paraguay","Latin America & Caribbean","Upper middle income",0.0997790073868952,82.4907326947548,35
"PYF","French Polynesia","East Asia & Pacific","High income",0.0756325958437562,47.953298540283,30
"ROU","Romania","Europe & Central Asia","High income",0.381318478868242,67.3224926609237,35
"RUS","Russian Federation","Europe & Central Asia","High income",0.219977200361959,52.5977994775778,30
"RWA","Rwanda","Sub-Saharan Africa","Low income",0.122677998714,41.9985847977488,35
"SDN","Sudan","Sub-Saharan Africa","Low income",0.593921877895782,20.8538898732949,33
"SEN","Senegal","Sub-Saharan Africa","Lower middle income",0.137418942684747,55.4560334364627,35
"SGP","Singapore","East Asia & Pacific","High income",0.0436566792968304,348.75103205403,35
"SLB","Solomon Islands","East Asia & Pacific","Lower middle income",0.0645896868552267,91.8716918122948,35
"SLE","Sierra Leone","Sub-Saharan Africa","Low income",0.161877576388968,42.6703571528961,34
"SLV","El Salvador","Latin America & Caribbean","Upper middle income",0.374432780302282,69.3637091300937,35
"SRB","Serbia","Europe & Central Asia","Upper middle income",0.343316907100336,74.5818396325368,28
"SVK","Slovak Republic","Europe & Central Asia","High income",0.615715954871156,146.024800790443,32
"SVN","Slovenia","Europe & Central Asia","High income",1.00242907774328,128.490958590647,34
"SWE","Sweden","Europe & Central Asia","High income",0.0977865173056398,80.6245917038323,35
"SYC","Seychelles","Sub-Saharan Africa","High income",0.111583255416218,151.11543889892,35
"SYR","Syrian Arab Republic","Middle East, North Africa, Afghanistan & Pakistan","Low income",0.332791542617991,61.2813979846633,33
"TCD","Chad","Sub-Saharan Africa","Low income",0.137418942684747,56.2777688440872,35
"TGO","Togo","Sub-Saharan Africa","Low income",0.137418942684747,59.7531509595214,34
"THA","Thailand","East Asia & Pacific","Upper middle income",0.0756391536214693,114.294969196969,35
"TJK","Tajikistan","Europe & Central Asia","Lower middle income",0.410125072132353,98.9235783291609,32
"TON","Tonga","East Asia & Pacific","Upper middle income",0.0616893740872024,75.4926365141344,35
"TUN","Tunisia","Middle East, North Africa, Afghanistan & Pakistan","Lower middle income",0.0648083097069934,93.5159729599011,35
"TUR","Turkiye","Europe & Central Asia","Upper middle income",0.255140176231348,48.9997520473216,35
"TZA","Tanzania","Sub-Saharan Africa","Lower middle income",0.0811981390593848,37.5488049370785,35
"UGA","Uganda","Sub-Saharan Africa","Low income",0.13309917709595,36.9745176543845,35
"UKR","Ukraine","Europe & Central Asia","Upper middle income",0.444470480410859,89.45648963485,32
"URY","Uruguay","Latin America & Caribbean","High income",0.162155124946082,47.8560110154726,35
"VEN","Venezuela, RB","Latin America & Caribbean","Not classified",0.204636097018128,17.995151117722,28
"VNM","Viet Nam","East Asia & Pacific","Lower middle income",0.0783089882708706,126.242987021572,35
"VUT","Vanuatu","East Asia & Pacific","Lower middle income",0.0563437755306387,91.3131326435183,35
"WSM","Samoa","East Asia & Pacific","Upper middle income",0.0528852888606072,77.145957979406,23
"YEM","Yemen, Rep.","Middle East, North Africa, Afghanistan & Pakistan","Low income",0.294553268403267,63.8495892806649,29
"ZAF","South Africa","Sub-Saharan Africa","Upper middle income",0.118010286449206,50.2089457947914,35
"ZMB","Zambia","Sub-Saharan Africa","Lower middle income",0.271085656553981,68.2511259793332,31
"ZWE","Zimbabwe","Sub-Saharan Africa","Lower middle income",2.87668212149365,64.671339556891,24
