"DATASET","SERIES_CODE","OBS_MEASURE","COUNTRY","INDICATOR","FREQUENCY","SCALE","1950","1951","1952","1953","1954","1955","1956","1957","1958","1959","1960","1961","1962","1963","1964","1965","1966","1967","1968","1969","1970","1971","1972","1973","1974","1975","1976","1977","1978","1979","1980","1981","1982","1983","1984","1985","1986","1987","1988","1989","1990","1991","1992","1993","1994","1995","1996","1997","1998","1999","2000","2001","2002","2003","2004","2005","2006","2007","2008","2009","2010","2011","2012","2013","2014","2015","2016","2017","2018","2019","2020","2021","2022","2023","2024","2025"
"IMF.STA:MFS_IR(9.0.0)","THA.GSTBILY_RT_PT_A_PT.A","OBS_VALUE","Thailand","Government securities: Treasury bills yields, Rate, Percent per annum","Annual","Units","","","","","","","","","","","","","","","","","","","","","","","","","","","","","","","","","","","","","","","","","","","","","","","","","","","","2.285256808982684","1.920541619610444","1.354203652846039","1.303459841862051","2.672533948616892","4.655885158989802","3.47881804120868","3.188827864642668","1.24","1.441666666666667","2.873333333333332","2.965","2.56807241038633","2.0675","1.610833333333333","1.410833333333333","1.3325","1.304166666666667","1.553333333333333","0.6033333333333332","0.4116666666666665","0.6658333333333332","1.789315105838478","2.225463454497856","1.533059923"
"IMF.STA:MFS_IR(9.0.0)","ZMB.GSTBILY_RT_PT_A_PT.A","OBS_VALUE","Zambia","Government securities: Treasury bills yields, Rate, Percent per annum","Annual","Units","","","","","","","","","","","","","","","","","","","","","","","","","","","","","4.379999999","4.4399999995","4.5","5.75","6","7.5","7.66666666666667","13.2083333333333","24.25","16.5","15.1666666666667","18.5","25.9166666666667","37","47","124.025","74.2108333333333","39.8083333333333","52.775","29.4833333333333","24.9360833333333","36.193575","31.366375","44.2791666666667","34.5364583333333","29.9748006944445","12.6035712962963","16.3158333333333","10.3683333333333","11.9516666666667","13.4675","15.3941666666667","6.2775","9.5525","10.1275","11.4458333333333","15.3558333333333","19.0158333333333","24.2816666666667","14.4858333333333","14.8633333333333","21.13","20.8015395833333","","","","",""
"IMF.STA:MFS_IR(9.0.0)","ISR.GSTBILY_RT_PT_A_PT.A","OBS_VALUE","Israel","Government securities: Treasury bills yields, Rate, Percent per annum","Annual","Units","","","","","","","","","","","","","","","","","","","","","","","","","","","","","","","","","","","","","","","","","","","","","","14.365","15.3363583333333","13.3883416666667","11.3324833333333","11.4118916666667","8.80711666666667","6.502925","7.38185833333333","6.997475","4.78325","4.34020833333333","5.543395","4.333375","3.90315583333333","1.38998109527772","2.18523798562054","3.04967657110691","2.22794240102601","1.31234819135163","0.538912334537419","0.116548600700642","0.118114736869461","0.122693382354554","0.209012942234273","0.262128137524291","0.0723496147536321","0.00573502215574143","1.67016819755044","4.47349234060593","4.19609078691771",""
"IMF.STA:MFS_IR(9.0.0)","BLZ.GSTBILY_RT_PT_A_PT.A","OBS_VALUE","Belize","Government securities: Treasury bills yields, Rate, Percent per annum","Annual","Units","","","","","","","","","","","","","","","","","","","","","","","","","","","","5.909999999","6.399999999","6.399999998999998","10.29166666658333","11.67499999958333","11.99666666608333","10.50749999925","9.5475","12.76333333241666","10.80499999966667","8.800833333333332","8.323333333333332","7.36","7.3675","6.705833333333335","5.375","4.594166666666665","4.274166666666668","4.098333333333332","3.780833333333332","3.513333333333332","3.8325","5.91","5.91","5.91","4.590833333333332","3.22","3.22","3.22","3.22","3.22","3.22","3.22","3.038533333333332","2.42441375","2.085274166666667","1.492445","0.47062","0.10932","0.03550333333333332","0.65625","1.203333333333333","1.231666666666667","1.27","1.2675","0.9166666666666668","0.6358333333333332","0.6041666666666668","0.6"
"IMF.STA:MFS_IR(9.0.0)","MDA.GSTBILY_RT_PT_A_PT.A","OBS_VALUE","Moldova, Republic of","Government securities: Treasury bills yields, Rate, Percent per annum","Annual","Units","","","","","","","","","","","","","","","","","","","","","","","","","","","","","","","","","","","","","","","","","","","","","","","44.68083333333332","25.47333333333332","34.19916666666668","32.27416666666668","24.63166666666667","15.005","5.982500000000002","15.7675","12.28583333333334","3.7475","7.434166666666668","13.52333333333333","18.8925","11.81833333333334","7.131666666666668","11.71","6.260833333333335","5.567499999999998","6.755000000000002","20.5825","15.42083333333334","6.805","4.7675","6.241666666666668","5.194166666666665","5.756666666666668","17.98333333333334","9.160833333333332","4.926666666666668","9.108333333333332"
"IMF.STA:MFS_IR(9.0.0)","SLE.GSTBILY_RT_PT_A_PT.A","OBS_VALUE","Sierra Leone","Government securities: Treasury bills yields, Rate, Percent per annum","Annual","Units","","","","","","","","","","","","","","","","5.5","5.5","5.583333333333332","6","5.5","5.5","5.5","5.5","5.5","5.5","5.5","5.5","5.5","5.5","6.25","9.375","10","10","11","12","12","14.5","16.5","18","22","47.5","50.66666666666668","78.63250000000002","28.63833333333332","12.185","14.72833333333334","29.25333333333332","12.70916666666667","22.10333333333333","32.41916666666668","26.22166666666668","13.74","15.15166666666667","15.6725","26.14083333333332","22.9775","17.71083333333334","18.40770833333333","15.48083333333333","10.47158333333334","17.21166666666666","24.445","22.396875","8.048666666666668","2.3665","2.056166666666666","6.27625","9.96384722222222","7.948333333333332","8.437333333333332","8.006111111111112","1.711666666666667","3.855833333333332","1.388333333333333","8.764166666666668","1.903333333333333"
"IMF.STA:MFS_IR(9.0.0)","LCA.GSTBILY_RT_PT_A_PT.A","OBS_VALUE","St. Lucia","Government securities: Treasury bills yields, Rate, Percent per annum","Annual","Units","","","","","","","","","","","","","","","","","","","","","","","","","","","","","","","","","","","","","","","","","","","","","","","","","","","","","","","","","","5.65","5.6","5.2","4.5","4.525","5.125","6","5.35","3.56","3.333333333333335","1.98","1.98","","","","","","",""
"IMF.STA:MFS_IR(9.0.0)","NAM.GSTBILY_RT_PT_A_PT.A","OBS_VALUE","Namibia","Government securities: Treasury bills yields, Rate, Percent per annum","Annual","Units","","","","","","","","","","","","","","","","","","","","","","","","","","","","","","","","","","","","","","","","","","16.53666666666666","13.87833333333333","12.15916666666667","11.35166666666666","13.91416666666667","15.245","15.69","17.23666666666666","13.27583333333334","10.26416666666666","9.285","11.0025","10.51166666666667","7.775000000000002","7.090833333333335","7.255833333333332","8.590833333333335","9.638333333333332","8.189166666666665","6.46","5.622240833333335","5.544783333333332","5.424672253717952","5.813600201683238","6.48875","6.5925","8.366270694773018","7.994144094092225","7.617499999999998","5.240530836119685","4.568504401014408","6.438494776529192","8.564110094382785","8.717499999999998",""
"IMF.STA:MFS_IR(9.0.0)","FJI.GSTBILY_RT_PT_A_PT.A","OBS_VALUE","Fiji, Republic of","Government securities: Treasury bills yields, Rate, Percent per annum","Annual","Units","","","","","","","","","","","","","","","","","","","","","","","","","","","","","","","","","","","","","","","","","","5.863333333333332","3.684166666666665","2.7875","2.6675","3.100833333333332","2.959166666666668","2.589166666666668","1.990833333333334","1.999166666666667","3.5425","1.525","1.659166666666667","1.011122004357298","1.521508986928105","1.936278959324006","7.44987634599118","4.54904825307605","0.2244680757338062","6.067916666666665","3.44875","2.236316924918115","0.5990625","0.159","1.165830537348676","1.189970238095238","1.243675213675214","1.355","1.405833333333333","2.566111111111111","1.81","0.5891666666666668","0.04041666666666668","0.03","0.16875",""
"IMF.STA:MFS_IR(9.0.0)","USA.GSTBILY_RT_PT_A_PT.A","OBS_VALUE","United States","Government securities: Treasury bills yields, Rate, Percent per annum","Annual","Units","1.218333333333333","1.5525","1.7675","1.94","0.95","1.746666666666666","2.659166666666668","3.264166666666668","1.838333333333334","3.413333333333332","2.946666666666668","2.375833333333334","2.778333333333332","3.156666666666668","3.5525","3.948333333333335","4.881666666666668","4.331666666666668","5.346666666666665","6.688333333333332","6.436666666666665","4.34","4.069166666666665","7.026666666666668","7.875","5.825","4.999166666666668","5.264166666666668","7.223333333333332","10.0425","11.615","14.0775","10.725","8.62","9.573333333333332","7.489166666666668","5.9725","5.825833333333332","6.671666666666665","8.114166666666665","7.509999999999998","5.409166666666668","3.46","3.019166666666668","4.27","5.513333333333332","5.024166666666668","5.070000000000002","4.819166666666665","4.6575","5.839166666666668","3.451666666666668","1.6125","1.013333333333333","1.373333333333333","3.151666666666668","4.721666666666665","4.41","1.46","0.16","0.1341666666666666","0.0575","0.0875","0.05916666666666665","0.035","0.0525","0.3175","0.9308333333333335","1.939166666666667","2.071666666666667","0.3816666666666665","0.0438888888888889","","","",""
"IMF.STA:MFS_IR(9.0.0)","KEN.GSTBILY_RT_PT_A_PT.A","OBS_VALUE","Kenya","Government securities: Treasury bills yields, Rate, Percent per annum","Annual","Units","","","","","","","","","","","","","","","","","","","","","","","","","","","","","","","","","","","","","","","","","15.26416666666667","17.1925","18.15333333333333","55.70416666666665","25.2025","18.97916666666667","23.00416666666667","22.4925","23.32345833333334","13.28529583333333","12.06562083333333","12.72947916666666","8.942729166666668","3.7317","2.95956111111111","8.436595833333332","6.813195833333332","6.798900000000002","7.702941666666665","7.375383333333332","3.601125","8.723654166666668","12.58065206521739","8.925441666666668","8.930675","10.92691666666666","8.512416666666668","8.371833333333335","7.762416666666665","6.893083333333335","6.853916666666668","6.955916666666668","8.17225","12.21245833333334","15.275945",""
"IMF.STA:MFS_IR(9.0.0)","ALB.GSTBILY_RT_PT_A_PT.A","OBS_VALUE","Albania","Government securities: Treasury bills yields, Rate, Percent per annum","Annual","Units","","","","","","","","","","","","","","","","","","","","","","","","","","","","","","","","","","","","","","","","","","","","","13.97666666666666","13.47","17.805","32.59416666666668","27.49083333333332","17.53666666666666","10.8041435","7.721257333333332","9.4870445","8.809723666666668","6.793701900000002","5.521742766666668","5.489127083333332","5.932371430694448","6.241735100486112","6.273286864166668","5.826085147083332","5.46205025875","5.1516436225","4.207997544652778","3.115","2.74","1.0625","1.22","1.31","","0.9691666666666668","1.048333333333333","1.806666666666667","2.963888888888889","3.075",""
"IMF.STA:MFS_IR(9.0.0)","NPL.GSTBILY_RT_PT_A_PT.A","OBS_VALUE","Nepal","Government securities: Treasury bills yields, Rate, Percent per annum","Annual","Units","","","","","","","","","","","","","","","","","","","","","","","","","","","","","","","","5","5","5","5","5","5","5","5","5.2875","6.74","8.485","9.233333333333332","7.733333333333332","6.141666666666668","8.594444444444447","12.09166666666666","6.787499999999998","2.8","2.941666666666668","5.288333333333332","4.710833333333335","4.341666666666668","3.550833333333332","1.945833333333333","2.969166666666668","2.7325","2.68375","5.030833333333332","5.102525","6.913333333333335","5.737700000000002","0.722696556256572","1.6543327865393","0.222482718584897","0.7404749999999998","1.177166666666667","1.571261305963386","3.646228365978852","3.315639039235952","1.883397133320204","3.06235466888514","8.755561971832892","7.464411568209065","3.013404039434028","2.661575"
"IMF.STA:MFS_IR(9.0.0)","PHL.GSTBILY_RT_PT_A_PT.A","OBS_VALUE","Philippines","Government securities: Treasury bills yields, Rate, Percent per annum","Annual","Units","","","","","","","","","","","","","","","","","","","","","","","","","","","10.18591666666667","10.88525","10.88025","12.25525","12.13616666666667","12.54716666633333","13.77991666633334","14.23141666633334","28.52916666666668","26.72483333333332","16.08066666666666","11.50858333333333","14.66658333333334","18.64583333333333","23.67225","21.47808333333333","16.01816666666667","12.44783333333333","12.71366666666667","11.76133333333333","12.338","12.89275","15.00416666666667","9.996166666666668","9.912666666666668","9.734166666666665","5.494249999999998","5.872041666666665","7.320166666666665","6.132333333333335","5.293666666666668","3.376958333333332","5.164666666666667","4.192958333333332","3.5145","1.3395","1.499666666666666","0.2884166666666668","1.217","1.744583333333334","1.503833333333333","2.116666666666667","3.613166666666668","4.323666666666665","1.981289027777778","1.113798105930361","2.20412797524348","5.351728687935622","5.65539619576733","5.206817031916665"
"IMF.STA:MFS_IR(9.0.0)","VCT.GSTBILY_RT_PT_A_PT.A","OBS_VALUE","St. Vincent and the Grenadines","Government securities: Treasury bills yields, Rate, Percent per annum","Annual","Units","","","","","","","","","","","","","","","","","","","","","","","","","","","","","","","6.5","6.5","6.5","6.5","6.5","6.5","6.5","6.5","6.5","6.5","6.5","6.5","6.5","6.5","6.5","6.5","6.5","6.5","6.5","6.5","6.5","7","7","5.73","4.604583333333332","4.846666666666668","5.615","5.745","5.5625","5.669166666666668","4.943083333333332","4.163166666666665","3.9635","3.43725","3.2555","2.926666666666668","3.053333333333332","2.861666666666667","","","","","","","",""
"IMF.STA:MFS_IR(9.0.0)","LSO.GSTBILY_RT_PT_A_PT.A","OBS_VALUE","Lesotho, Kingdom of","Government securities: Treasury bills yields, Rate, Percent per annum","Annual","Units","","","","","","","","","","","","","","","","","","","","","","","","","","","","","","","","","","","","","","","","","","","","10.00666666666667","9.443333333333332","12.40166666666667","13.885","14.83416666666667","15.47","12.45416666666667","9.055833333333335","9.488333333333335","11.34083333333333","11.96043333333333","8.516666666666668","7.226666666666665","6.869999999999998","7.809166666666668","9.745425","7.753783333333332","6.2375","5.345","5.460833333333332","5.29775","5.993833333333335","6.2865","6.69975","6.4055","6.4685","6.44375","4.260666666666668","3.387","5.173583333333332","7.341666666666668","6.869166666666665",""
"IMF.STA:MFS_IR(9.0.0)","ISL.GSTBILY_RT_PT_A_PT.A","OBS_VALUE","Iceland","Government securities: Treasury bills yields, Rate, Percent per annum","Annual","Units","","","","","","","","","","","","","","","","","","","","","","","","","","","","","","","","","","","","","","","","","","","10.325","8.348333333333332","4.946666666666668","7.220833333333332","6.968333333333332","7.0425","7.398333333333332","8.605833333333335","11.11583333333333","11.03333333333333","8.011666666666668","4.930833333333332","6.035833333333332","8.795811227748415","13.41298333333333","15.12970295233333","18.30660088075","11.38372264164166","6.65","4.279166666666665","5.558333333333335","6.191666666666668","6.025","5.925","6.279166666666665","4.979166666666668","4.720833333333332","4.392083333333335","1.989333333333333","1.787583333333334","5.12625","9.035666666666668","9.47225","7.867083333333332"
"IMF.STA:MFS_IR(9.0.0)","RWA.GSTBILY_RT_PT_A_PT.A","OBS_VALUE","Rwanda","Government securities: Treasury bills yields, Rate, Percent per annum","Annual","Units","","","","","","","","","","","","","","","","","","","","","","","","","","","","","","","","","","","","","","","","","","","","","","","","","","11.75","10.4375","8.885416666666665","9.323333333333332","11.18166666666667","12.51833333333334","","","","","0.808","6.464583333333332","6.377333333333332","9.411542542293992","8.92854509244537","4.417301692512832","3.316416666666668","6.041596935095642","6.91062141886732","5.093156029708285","5.219972464737442","5.546583333333332","6.32975","6.05125","8.146583333333332","7.593833333333332",""
"IMF.STA:MFS_IR(9.0.0)","BRB.GSTBILY_RT_PT_A_PT.A","OBS_VALUE","Barbados","Government securities: Treasury bills yields, Rate, Percent per annum","Annual","Units","","","","","","","","","","","","","","","","","","5.34583333241667","5.82999999933333","6.11999999908333","7.00916666575","7.172499999","5.95166666575","6.569999999","8.95999999958333","5.6658333325","4.43333333308333","4.63333333241667","4.80083333258333","4.88083333241667","5.63333333258333","9.49333333258333","13.2483333328333","7.44833333241667","6.92083333233333","5.53249999908333","4.41666666666667","4.83916666666667","4.75333333333333","4.90166666666667","7.06833333333333","9.3425","10.88","5.43583333333333","7.26083333333333","8.00833333333333","6.8525","3.60583333333333","5.61166666666667","5.83333333333333","5.29","3.13916666666667","2.09666666666667","1.41083333333333","1.20416666666667","4.62416666666667","5.96166666666667","5.6475","4.1975","3.75916666666667","3.30166666666667","3.40666666666667","3.5","3.3975","3.20083333333333","2.82166666666667","3.30583333333333","3.30333333333333","3.13416666666667","0.5","0.5","0.5","0.5","","",""
"IMF.STA:MFS_IR(9.0.0)","LKA.GSTBILY_RT_PT_A_PT.A","OBS_VALUE","Sri Lanka","Government securities: Treasury bills yields, Rate, Percent per annum","Annual","Units","","","","","","","","","","","","","","","","","","","","","","","","","","","","","","","","","","","","","","","","","","","","","","","","","","","","13.7","12.4708333333333","8.09166666666667","7.71416666666667","9.02666666666667","10.9841666666667","16.6033333333333","18.9141666666667","12.9341666666667","8.56583333333333","7.62916666666667","12.095","10.4645833333333","6.5975","6.65083333333333","9.9975","10.0591666666667","9.77833333333333","9.09","","","","","",""
"IMF.STA:MFS_IR(9.0.0)","SWZ.GSTBILY_RT_PT_A_PT.A","OBS_VALUE","Eswatini, Kingdom of","Government securities: Treasury bills yields, Rate, Percent per annum","Annual","Units","","","","","","","","","","","","","","","","","","","","","","","","2.97","5.64","6.25","6","6","7.38","7.71","7.71","12","14.59999999983333","13.04166666666667","17.73583333325","16.46999999941667","9.756666666666668","5.964166666666668","7.2775","10.16","11.1375","12.6675","12.34083333333334","9.6775","8.35","10.87416666666667","13.675","14.36833333333334","13.09","11.19083333333333","8.298333333333335","7.159166666666668","8.591666666666668","10.61333333333334","7.940833333333332","7.075","7.544166666666665","9.031666666666668","10.77333333333333","7.932499999999998","6.600833333333335","6.0725","6.874166666666668","6.309166666666668","6.428333333333332","6.439166666666668","7.201666666666665","8.083333333333332","7.706500000000002","7.712833333333335","5.88","4.906446296296295","6.795416666666668","9.02125","9.200416666666668",""
"IMF.STA:MFS_IR(9.0.0)","MUS.GSTBILY_RT_PT_A_PT.A","OBS_VALUE","Mauritius","Government securities: Treasury bills yields, Rate, Percent per annum","Annual","Units","","","","","","","","","","","","","","","","","","","","","","","","","","","","","","","","","","","","","","","","","","","","","","","","","","","","10.8","10.3475","9.0075","5.614166666666665","6.441666666666668","8.468333333333332","10.95416666666666","8.306666666666668","5.245","3.83","3.960833333333335","3.6275","2.855","2.365","2.141666666666666","2.675833333333332","2.209166666666667","3.455","3.0225","1.059583333333334","0.6683333333333335","1.363333333333334","4.0725","3.543333333333332","4.686666666666668"
"IMF.STA:MFS_IR(9.0.0)","MDV.GSTBILY_RT_PT_A_PT.A","OBS_VALUE","Maldives","Government securities: Treasury bills yields, Rate, Percent per annum","Annual","Units","","","","","","","","","","","","","","","","","","","","","","","","","","","","","","","","","","","","","","","","","","","","","","","","","","","","","","","","","5","5.5","6","5.9975","4.901666666666668","5.444166666666668","7.26","8.939166666666668","8.176666666666668","6.833333333333332","3.5","3.5","3.5","3.5","3.5","3.5","3.5","3.5","3.5","3.5"
"IMF.STA:MFS_IR(9.0.0)","MOZ.GSTBILY_RT_PT_A_PT.A","OBS_VALUE","Mozambique, Republic of","Government securities: Treasury bills yields, Rate, Percent per annum","Annual","Units","","","","","","","","","","","","","","","","","","","","","","","","","","","","","","","","","","","","","","","","","","","","","","","","","9.415","","16.96888888888889","24.77291666666667","29.54611111111111","15.31461714536417","12.36610220715995","9.095833333333332","15.05083333333334","15.16166666666666","13.76","10.5907892751627","11.9924587628866","15.24144992050874","5.26954747116238","4.125929652203328","5.326947411226948","5.865416666666665","15.265","25.26919932968472","16.23776419816515","12.72507384827381","9.371946659731875","12.78679458580955","15.45544318942511","17.90300895234572","15.99785821383278","12.51578700885169"
"IMF.STA:MFS_IR(9.0.0)","DZA.GSTBILY_RT_PT_A_PT.A","OBS_VALUE","Algeria","Government securities: Treasury bills yields, Rate, Percent per annum","Annual","Units","","","","","","","","","","","","","","","","","","","","","","","","","","","","","","","","","","","","","","","","","","","","","","","","","9.74888888888889","10.0425","9.80125","5.851666666666668","2.8625","1.671666666666667","0.8675","0.7516666666666665","2.143333333333333","0.95875","0.3341666666666668","0.7058333333333332","0.3133333333333332","0.2116666666666667","0.4891666666666668","0.2475","0.2875","0.4975","1.195","1.745833333333333","2.359166666666667","2.904166666666668","3","3","2.990833333333332","2.988333333333332","2.951666666666668","2.710833333333332"
"IMF.STA:MFS_IR(9.0.0)","CAN.GSTBILY_RT_PT_A_PT.A","OBS_VALUE","Canada","Government securities: Treasury bills yields, Rate, Percent per annum","Annual","Units","0.5483333333333332","0.7899999999999998","1.066666666666667","1.709166666666666","1.425833333333333","1.615833333333333","2.925","3.76","2.254166666666666","4.81","3.201666666666668","2.811666666666668","4.0525","3.561666666666668","3.749166666666668","3.984166666666665","4.995","4.640833333333332","6.267499999999998","7.192499999999998","5.990833333333332","3.5625","3.560833333333332","5.47","7.824166666666668","7.395","8.8675","7.331666666666668","8.675833333333332","11.6875","12.79333333333334","17.72","13.6575","9.310000000000002","11.05916666666667","9.43","8.970833333333332","8.145833333333332","9.4825","12.05416666666667","12.80833333333334","8.726666666666668","6.585","4.843333333333335","5.538333333333332","6.892499999999998","4.206666666666665","3.258333333333332","4.730833333333332","4.71975","5.489833333333332","3.768583333333332","2.58575","2.870083333333332","2.219916666666667","2.726083333333332","4.034166666666668","4.151666666666668","2.39","0.35","0.5975","0.9216666666666665","0.9725","0.9691666666666668","0.9108333333333335","0.5033333333333332","0.5","0.5166666666666665","","","","","","","",""
"IMF.STA:MFS_IR(9.0.0)","GRD.GSTBILY_RT_PT_A_PT.A","OBS_VALUE","Grenada","Government securities: Treasury bills yields, Rate, Percent per annum","Annual","Units","","","","","","","","","","","","","","","","","","","","","","","","","","","","","","","","","","","","","","","","","","","","","","","","","","","","","","","","","","","","","6.25","5.914166666666668","5.995","6","6","5.868333333333332","5.271666666666668","3.66","3.66","","","","","","",""
"IMF.STA:MFS_IR(9.0.0)","SLB.GSTBILY_RT_PT_A_PT.A","OBS_VALUE","Solomon Islands","Government securities: Treasury bills yields, Rate, Percent per annum","Annual","Units","","","","","","","","","","","","","","","","","","","","","","","","","","","","","","","","","","","","","","","","","","","","","","","","","","","","","7.62127811346089","5.91760238335012","6.07250755287009","4.587610775428","3.40916666666667","3.16929166666667","3.20083333333333","3.99916666666667","3.70816666666667","2.52513888888889","1.42258333333333","0.404166666666667","0.229166666666667","0.465","0.46","0.46","0.46625","0.49","0.49","0.49","0.49","0.492222222222222","",""
"IMF.STA:MFS_IR(9.0.0)","UGA.GSTBILY_RT_PT_A_PT.A","OBS_VALUE","Uganda","Government securities: Treasury bills yields, Rate, Percent per annum","Annual","Units","","","","","","","","","","","","","","","","","","","","","","","","","","","","","","","","","","","","","","","","","","","39.8911111111111","21.2991666666667","12.5233333333333","8.75333333333333","11.7083333333333","10.59","7.77083333333333","7.42916666666667","13.1905833333333","10.9996762063436","5.85427949839378","16.8659472822816","9.01795668435572","8.50275524736715","8.11891374720402","9.08169615866151","9.07519503849373","7.39284332974369","5.01365106608655","14.6086115773816","15.6991158141965","9.92468502252861","10.2261530431707","15.8272936336133","15.8811335149751","10.5982293015398","9.80889042810788","","","","","","",""
"IMF.STA:MFS_IR(9.0.0)","SRB.GSTBILY_RT_PT_A_PT.A","OBS_VALUE","Serbia, Republic of","Government securities: Treasury bills yields, Rate, Percent per annum","Annual","Units","","","","","","","","","","","","","","","","","","","","","","","","","","","","","","","","","","","","","","","","","","","","","","","","","","","","","","18.19883814277961","21.30530040889613","17.21929861305105","13.45573777135683","6.484166666666668","5.15375","13.72583333333333","11.00166666666667","12.69833333333334","13.08416666666666","9.7175","7.954166666666668","5.861666666666665","3.705833333333332","3.06","","","1.8","","3.9","","",""
"IMF.STA:MFS_IR(9.0.0)","PAK.GSTBILY_RT_PT_A_PT.A","OBS_VALUE","Pakistan","Government securities: Treasury bills yields, Rate, Percent per annum","Annual","Units","","","","","","","","","","","","","","","","","","","","","","","","","","","","","","","","","","","","","","","","","","","","","","","14.345","15.735","14.4345833333333","10.7516666666667","8.375","10.7098666666667","6.07818333333333","1.86504166666667","2.48925","7.1811","8.54","8.98916666666667","11.3666666666667","12.5191666666667","12.54715","13.1155666666667","10.9951583333333","9.32355","9.89025833333333","7.1182","5.98875","5.99996666666667","","13.2907777777778","8.64973333333333","7.58604444444444","","","",""
"IMF.STA:MFS_IR(9.0.0)","GUY.GSTBILY_RT_PT_A_PT.A","OBS_VALUE","Guyana","Government securities: Treasury bills yields, Rate, Percent per annum","Annual","Units","","","","","","","","","","","","","","","","","","","","","","","5.879999999","5.879999999","5.879999999","5.879999999","5.879999999","5.879999999","6.999999999","9.079999999","10.669999999","11.619999999","12.27916666625","12.75","12.75","12.75","12.75","11.33416666666666","11.02583333333333","15.185","30","30.935","25.745","16.8275","17.6625","17.50583333333333","11.35","8.9075","8.331666666666668","11.31","9.883333333333332","7.777500000000002","4.938333333333332","3.038333333333332","3.62","3.790833333333332","3.954166666666668","3.938333333333332","3.985833333333332","4.305","3.874166666666668","2.481666666666666","1.730833333333333","1.319166666666666","1.56725","1.835583333333333","1.852166666666667","1.549666666666667","1.538083333333333","1.53725","1.53725","1.537","1.537","1.42775","1.099754130832935","1.095748636327437"
"IMF.STA:MFS_IR(9.0.0)","GEO.GSTBILY_RT_PT_A_PT.A","OBS_VALUE","Georgia","Government securities: Treasury bills yields, Rate, Percent per annum","Annual","Units","","","","","","","","","","","","","","","","","","","","","","","","","","","","","","","","","","","","","","","","","","","","","","","","","","","","29.92833333333332","43.41916666666668","44.2625","19.15916666666667","12.57333333333333","","","","5.978283333333335","9.554155426987185","9.683066666666668","6.761541666666668","5.160250000000002","6.167828703703705","8.777730917874342","8.386909722250002","7.29964789375","7.250141666666665","7.224708333333332","8.55367838827839","8.883516666666665","10.18111764705883","9.4939","7.990708333333332","7.540184523809525"
"IMF.STA:MFS_IR(9.0.0)","TJK.GSTBILY_RT_PT_A_PT.A","OBS_VALUE","Tajikistan, Republic of","Government securities: Treasury bills yields, Rate, Percent per annum","Annual","Units","","","","","","","","","","","","","","","","","","","","","","","","","","","","","","","","","","","","","","","","","","","","","","","","","","","","","4.5","","","","","","","7","6.72083333333333","7.39875","4.82166666666667","0.833333333333333","0.4","0.76","0.99","0.99","","","","","","","",""
"IMF.STA:MFS_IR(9.0.0)","TZA.GSTBILY_RT_PT_A_PT.A","OBS_VALUE","Tanzania, United Republic of","Government securities: Treasury bills yields, Rate, Percent per annum","Annual","Units","","","","","","","","","","","","","","","","","","","","","","","","","","","","","","","","","","","","","","","","","","","","34","35.0933333333333","40.3325","15.2966666666667","9.59166666666667","11.83","10.0508333333333","9.78333333333333","4.21116666666667","3.525","6.25583333333333","8.345375","10.6670833333333","11.638875","13.38275","8.11333333333333","7.14375","4.75333333333333","8.3125","13.6458333333333","14.22","13.5633333333333","12.91","16.1741666666667","11.1033333333333","6.42583333333333","7.70666666666667","4.42060416666667","","","","",""
"IMF.STA:MFS_IR(9.0.0)","SYC.GSTBILY_RT_PT_A_PT.A","OBS_VALUE","Seychelles","Government securities: Treasury bills yields, Rate, Percent per annum","Annual","Units","","","","","","","","","","","","","","","","","","","","","","","","","","","","","","9.14166666666667","9.558333333333338","9.147500000000002","10.09750000000001","12.07000000000001","12.61416666666668","12.48416666666668","12.90166666666668","15.15416666666667","13.90416666666666","13.40666666666667","13.16666666666667","13.4","13.4","13.245","12.495","12.275","11.55166666666667","10.5","8.125","5","5","5","5","4.605","3.166666666666668","3.343333333333332","3.700625","3.9175","7.071540178571428","12.969725","3.04130014341389","4.232001651650755","10.7383144735736","3.932340774721542","3.635209538566675","9.084771163891765","6.425804522123608","5.473649100056448","5.187021366225285","5.520896916064935","4.699328993121745","3.749913784253165","1.123815947431646","1.566643630776908","2.897200076406988","2.462298217769155"
"IMF.STA:MFS_IR(9.0.0)","GMB.GSTBILY_RT_PT_A_PT.A","OBS_VALUE","Gambia, The","Government securities: Treasury bills yields, Rate, Percent per annum","Annual","Units","","","","","","","","","","","","","","","","","","","","","","","","","","","","","","","","8","8","8","8","10.5","16.625","19.75","18","17.75","17.5","18.45833333333333","18.70833333333333","17.41666666666667","15.5","15.625","16","16","15.70833333333333","13.625","12.08333333333333","13.08333333333333","15.41666666666667","26.5","30.75","22.5","14.14166666666666","13.46","13.31666666666666","14.33083333333333","13.16","11.8125","12.45916666666667","","","","","10.72166666666667","8.943333333333332","8.5135","8.142958333333332","3.398333333333332","4.726208333333332","11.75245833333333","10.02041666666667","13.65561111111111"
"IMF.STA:MFS_IR(9.0.0)","JAM.GSTBILY_RT_PT_A_PT.A","OBS_VALUE","Jamaica","Government securities: Treasury bills yields, Rate, Percent per annum","Annual","Units","","","","","","","","","","","","4.55277777688889","4.945833332416665","4.007499999333335","3.413333332833332","4.38749999925","4.654166665916665","4.677499999166665","4.474166665749998","3.5233333325","4.029166665666668","3.805833332666668","4.318333332583332","5.535833332666668","7.186666665666668","6.94166666575","7.225833332333335","7.208333332333332","8.26083333275","9.247499999083335","9.965833333","9.832499999416668","8.612499999666665","12.37916666583334","13.29416666591667","19.02916666625","20.8775","18.15666666666667","18.5","19.1","26.21083333333332","25.5575","34.36083333333335","28.85416666666668","42.975","27.65","37.95083333333332","21.14","25.64833333333332","20.74583333333333","18.24083333333333","16.70583333333333","15.5375","25.93833333333332","15.4675","13.385","12.78583333333334","12.555","15.89","19.95","9.261666666666665","6.5895375","6.6171675","7.2927875","8.294276666666668","6.589682499999998","5.953484166666668","5.794889166666668","2.364931666666667","1.908389166666667","1.277136666666667","1.994796666666667","7.316905833333335","8.108629166666668","7.7432675","5.478705833333335"
"IMF.STA:MFS_IR(9.0.0)","KGZ.GSTBILY_RT_PT_A_PT.A","OBS_VALUE","Kyrgyz Republic","Government securities: Treasury bills yields, Rate, Percent per annum","Annual","Units","","","","","","","","","","","","","","","","","","","","","","","","","","","","","","","","","","","","","","","","","","","","","274.54515519564","66.9506534792373","76.9190004242155","68.7377945768136","83.7654452550914","90.5143805985324","61.8801601326255","36.5948310794398","19.4779197441565","13.827165021498","9.48390091227937","8.44130719748692","9.11614111281011","7.42990797014133","14.7778915203991","12.7357930099526","10.391453181962","15.585820651041","9.9052051253404","8.5162437567304","9.45573312969341","12.7623816094279","9.51470700837935","5.04370093797576","5.58665901714712","5.06597208353268","5.87137249870619","7.08041666666667","8.10110618024675","8.47","",""
"IMF.STA:MFS_IR(9.0.0)","KOS.GSTBILY_RT_PT_A_PT.A","OBS_VALUE","Kosovo, Republic of","Government securities: Treasury bills yields, Rate, Percent per annum","Annual","Units","","","","","","","","","","","","","","","","","","","","","","","","","","","","","","","","","","","","","","","","","","","","","","","","","","","","","","","","","","","","","","","2.67519787581699","1.11541516339869","1.43730141203704","1.45517690559753","0.351997708333333","0.2280875","0.465","","","","","","",""
"IMF.STA:MFS_IR(9.0.0)","ARM.GSTBILY_RT_PT_A_PT.A","OBS_VALUE","Armenia, Republic of","Government securities: Treasury bills yields, Rate, Percent per annum","Annual","Units","","","","","","","","","","","","","","","","","","","","","","","","","","","","","","","","","","","","","","","","","","","","","","","","","","","","20.59142148809524","14.74964740601504","11.91179799634547","5.27059388888889","4.050469444444445","4.865179891052752","6.088808333333332","7.687780012531328","9.41960964738191","10.58582657736258","9.5265","9.7958375","9.297245833333332","7.801640277777778","12.8957875","9.831201666666665","6.728108333333332","6.218391666666665","6.036941666666665","5.822112820269762","7.79884294871795","10.58795","11.13265","9.418866666666668","8.20175"
"IMF.STA:MFS_IR(9.0.0)","MDG.GSTBILY_RT_PT_A_PT.A","OBS_VALUE","Madagascar, Republic of","Government securities: Treasury bills yields, Rate, Percent per annum","Annual","Units","","","","","","","","","","","","","","","","","","","","","","","","","","","","","","","","","","","","","","","","","","","","","","","","","","","14.445","10.28166666666666","10.145","11.935","12.94916666666667","18.84166666666667","21.16083333333333","11.83916666666667","8.814166666666668","7.618333333333335","9.325833333333332","9.578333333333332","6.92164402754944","6.67029037061725","8.432531012335682","8.95977762360232","8.38286156854856","8.744755539149428","7.627052077039405","6.628755909982242","6.90800244481469","5.692893458614395","5.965953930734915","9.719953193237508","10.49611285869344","11.34666666666667"
"IMF.STA:MFS_IR(9.0.0)","DMA.GSTBILY_RT_PT_A_PT.A","OBS_VALUE","Dominica","Government securities: Treasury bills yields, Rate, Percent per annum","Annual","Units","","","","","","","","","","","","","","","","","","","","","","","","","","","","","","","6.5","6.5","6.5","6.5","6.5","6.5","6.500833333333332","6.5","6.5","6.5","6.5","6.5","6.475","6.4","6.4","6.4","6.4","6.4","6.4","6.4","6.4","6.4","6.4","6.4","6.4","6.4","6.4","6.4","6.4","6.4","6.4","6.4","4.345833333333332","2.807416666666668","1.974833333333334","3.24125","3.43","1.885","1.85","","","","","","",""
"IMF.STA:MFS_IR(9.0.0)","URY.GSTBILY_RT_PT_A_PT.A","OBS_VALUE","Uruguay","Government securities: Treasury bills yields, Rate, Percent per annum","Annual","Units","","","","","","","","","","","","","","","","","","","","","","","","","","","","","","","","","","","","","","","","","","81.1","46.3","49.075","44.6","39.4","29.2","23.18333333333333","16.48","","","","102.9239444444444","32.52883333333332","14.75025","4.1355","4.537916666666665","7.105583333333332","10.04725","11.86758333333334","9.058583333333335","8.774416666666668","9.40075","11.37125","14.36275","13.46608333333334","13.50175","10.40825","9.376833333333332","9.25925","8.474416666666668","6.261333333333332","9.982916666666665","10.62916666666667","8.901333333333332","8.929166666666668"
"IMF.STA:MFS_IR(9.0.0)","JPN.GSTBILY_RT_PT_A_PT.A","OBS_VALUE","Japan","Government securities: Treasury bills yields, Rate, Percent per annum","Annual","Units","","","","","","5.524","5.3845","5.369","5.834","6.082","6.082","6.082","6.082","5.865","5.71","5.71","5.71","5.71","5.772","5.784","5.910666666666668","5.380166666666668","4.36425","5.21074999975","6.825","6.282583333333332","5.677","4.8405","3.519666666666668","4.428333333333335","6.325333333333332","5.719583333333332","5.423","5.29575","4.914","3.562166666666665","3.562166666666665","2.468","2.384","2.951833333333332","5.041583333333332","5.401666666666668","3.625583333333332","2.195416666666666","1.629","0.8760833333333332","0.374","0.374","0.3076666666666668","0.09275000000000002","0.23","0.06616666666666665","0.0055","0.01091666666666667","0.007083333333333335","0.00125","0.2520833333333332","0.5761666666666668","0.5606666666666665","0.1845","0.1150833333333333","0.10225","0.09941666666666668","0.07358333333333332","0.0255","-0.01216666666666667","-0.2279166666666666","-0.2076666666666667","","","","","","","",""
"IMF.STA:MFS_IR(9.0.0)","MEX.GSTBILY_RT_PT_A_PT.A","OBS_VALUE","Mexico","Government securities: Treasury bills yields, Rate, Percent per annum","Annual","Units","","","","","","","","","","","","","","","","","","","","","","","","","","","","","","","","","","","","","106.4723451317961","103.9969480310915","69.53416666666668","44.99333333333332","34.75916666666665","19.2775","15.62166666666666","14.93083333333334","14.0975","48.43833333333332","31.39166666666668","19.8025","24.76166666666667","21.41083333333333","15.24416666666666","11.30583333333333","7.085","6.225","6.815","9.202499999999998","7.193333333333332","7.1875","7.6825","5.428333333333335","4.4025","4.24","4.2375","3.753333333333335","2.999166666666668","2.978333333333332","4.148333333333332","6.685833333333332","7.618333333333335","7.843333333333335","5.324999999999998","4.420833333333332","7.625833333333335","11.0975","10.7125","8.130833333333332"
"IMF.STA:MFS_IR(9.0.0)","EGY.GSTBILY_RT_PT_A_PT.A","OBS_VALUE","Egypt, Arab Republic of","Government securities: Treasury bills yields, Rate, Percent per annum","Annual","Units","","","","","","","","","","","","","","","","","","","","","","","","","","","","","","","","","","","","","","","","","","","","","","","","9.116666666666668","8.8","8.833333333333332","9.033333333333332","8.725","6.891666666666668","8.925","9.73333333333333","9.431833333333332","8.863499999999998","7.535583333333335","9.480166666666668","10.16466666666666","9.643583333333332","11.98916666666666","13.606","12.283","11.01966666666666","11.23025","14.25258333333333","19.43866666666667","18.88158333333334","16.78558333333333","13.11675","12.70666666666667","14.75816666666667","23.34766666666667","27.73125",""
"IMF.STA:MFS_IR(9.0.0)","AZE.GSTBILY_RT_PT_A_PT.A","OBS_VALUE","Azerbaijan, Republic of","Government securities: Treasury bills yields, Rate, Percent per annum","Annual","Units","","","","","","","","","","","","","","","","","","","","","","","","","","","","","","","","","","","","","","","","","","","","","","","","12.225","14.1","18.305","16.7325","16.51","14.11916666666666","7.9975","4.622083333333332","7.515","10.03833333333334","10.63916666666666","10.45041666666667","3.306666666666665","1.829166666666667","2.281666666666667","2.42875","1.89","1.89","","12.95583333333333","14.32666666666667","","","","","","","",""
"IMF.STA:MFS_IR(9.0.0)","BRA.GSTBILY_RT_PT_A_PT.A","OBS_VALUE","Brazil","Government securities: Treasury bills yields, Rate, Percent per annum","Annual","Units","","","","","","","","","","","","","","","","","","","","","","","","","","","","","","","","","","","","","","","","","","","","","","49.93133309166668","25.72688466666668","24.7925382","28.56666666666667","26.38625","18.50583333333334","20.0575","19.43083333333333","22.10499577694914","17.137","18.75958333333334","14.37675","11.50078333333334","13.68391428571428","9.702258333333332","10.93083333333333","11.66243333333334","8.067433333333332","8.989508333333332","11.54025","14.15995","13.46210833333334","9.05745","7.3093","6.179075","2.760366666666668","7.113516666666668","13.26420833333333","12.11606666666667","11.17755833333333","14.57088333333334"
"IMF.STA:MFS_IR(9.0.0)","ATG.GSTBILY_RT_PT_A_PT.A","OBS_VALUE","Antigua and Barbuda","Government securities: Treasury bills yields, Rate, Percent per annum","Annual","Units","","","","","","","","","","","","","","","","","","","","","","","","","","","","","","","7","7","7","7","7","7","7","7","7","7","7","7","7","7","7","7","7","7","7","7","7","7","7","7","7","7","6.519999999999995","6.333333333333325","6.014999999999995","6.375","6.25","6.5","6.125","6","6","4.995","4.611666666666665","2.665","1.98","","","","","","",""
"IMF.STA:MFS_IR(9.0.0)","PNG.GSTBILY_RT_PT_A_PT.A","OBS_VALUE","Papua New Guinea","Government securities: Treasury bills yields, Rate, Percent per annum","Annual","Units","","","","","","","","","","","","","","","","","","","","","","","","","","","","","","","","","","","","","","","","","","","","","7.819166666666665","17.4025","14.4375","9.9375","21.1825","22.7","16.99583333333333","12.355","10.9275","18.68583333333334","8.853333333333332","3.808333333333332","3.503333333333333","4.666666666666667","6.194166666666665","7.300833333333332","4.637083333333332","4.13625","2.7375","2.1525","3.965","5.265","4.551666666666668","4.730833333333332","4.721666666666668","6.1275","6.933333333333332","3.990833333333335","2.760833333333332","2.365","4.2275",""
"IMF.STA:MFS_IR(9.0.0)","SSD.GSTBILY_RT_PT_A_PT.A","OBS_VALUE","South Sudan, Republic of","Government securities: Treasury bills yields, Rate, Percent per annum","Annual","Units","","","","","","","","","","","","","","","","","","","","","","","","","","","","","","","","","","","","","","","","","","","","","","","","","","","","","","","","","","","","","","","3","3","3","3","9.68275","20.185","20.41","20.41","20.41","20.41","20.41","20.41","20.41","20.41"
"IMF.STA:MFS_IR(9.0.0)","CPV.GSTBILY_RT_PT_A_PT.A","OBS_VALUE","Cabo Verde","Government securities: Treasury bills yields, Rate, Percent per annum","Annual","Units","","","","","","","","","","","","","","","","","","","","","","","","","","","","","","","","","","","","","","","","","","","","","","","","","7.832636811073662","7.18719275286728","8.52755809484582","10.32591982512246","8.035953642019308","5.81421298770657","6.420909651897205","4.07196887711318","2.69525","3.40921338758955","3.407600440705128","3.520975","3.888616666666668","3.958333333333332","4.177083333333335","3.386975","1.505361435584899","1.145833333333334","0.6424169531943212","0.625","1","1.104166666666666","1","1","1","1","1.155","1.311041666666667"
"IMF.STA:MFS_IR(9.0.0)","AGO.GSTBILY_RT_PT_A_PT.A","OBS_VALUE","Angola","Government securities: Treasury bills yields, Rate, Percent per annum","Annual","Units","","","","","","","","","","","","","","","","","","","","","","","","","","","","","","","","","","","","","","","","","","","","","","","","","","","","","","","52.17666666666665","31.62666666666665","7.86","","","","10.82","6.925805555555558","3.447222222222222","3.064618055555555","4.279305555555555","7.203819444444445","15.09190740740741","16.34791666666667","13.13145833333334","13.084375","16.49703676470588","19.3651111111111","10.345","10.52277777777778","17.5",""
"IMF.STA:MFS_IR(9.0.0)","ROU.GSTBILY_RT_PT_A_PT.A","OBS_VALUE","Romania","Government securities: Treasury bills yields, Rate, Percent per annum","Annual","Units","","","","","","","","","","","","","","","","","","","","","","","","","","","","","","","","","","","","","","","","","","","","","78.75","42.08333333333335","51.09333333333335","85.71833333333335","63.98666666666665","74.20833333333332","51.85833333333335","42.18333333333332","27.025","14.67666666666666","12.785","7.483888888888887","","7.109166666666665","10.42083333333333","10.89666666666667","7.210833333333335","7.3175","6.26875","4.891666666666668","3.860833333333332","2.463333333333334","2.415833333333333","2.529954416666668","4.268078583333332","4.178333333333332","3.570146666666668","3.501718833333332","7.52990825","7.00416225","6.49782","7.271059416666665"
"IMF.STA:MFS_IR(9.0.0)","BGD.GSTBILY_RT_PT_A_PT.A","OBS_VALUE","Bangladesh","Government securities: Treasury bills yields, Rate, Percent per annum","Annual","Units","","","","","","","","","","","","","","","","","","","","","","","","","","","","","","","","","","","","","","","","","","","","","","","","","","","","","","","","","7.523333333333335","7.605","7.758333333333332","6.292916666666668","4.5","3.8775","10.7725","8.670697083333335","7.180402638888888","5.760594444444445","3.388925","3.351458333333335","2.372761666666667","5.719680555555555","4.767294444444445","1.317722222194444","5.030486111083335","7.71325","11.51958333333334","10.74956666666666"
"IMF.STA:MFS_IR(9.0.0)","MNG.GSTBILY_RT_PT_A_PT.A","OBS_VALUE","Mongolia","Government securities: Treasury bills yields, Rate, Percent per annum","Annual","Units","","","","","","","","","","","","","","","","","","","","","","","","","","","","","","","","","","","","","","","","","","","","","","","","","","","","","","","","","","","","","","","12.89","9.56","12.2033333333333","14.5158333333333","15.0116666666667","13.8506111111111","","","","","","","",""
"IMF.STA:MFS_IR(9.0.0)","NZL.GSTBILY_RT_PT_A_PT.A","OBS_VALUE","New Zealand","Government securities: Treasury bills yields, Rate, Percent per annum","Annual","Units","","","","","","","","","","","","","","","","","","","","","","","","","","","","","8.25","10.754166666","11.25","11.25","11.25","10.125","9.225","18.015","16.24777777777778","20.495","14.7225","13.51","13.78","9.736083333333332","6.722500000000002","6.213083333333332","6.685833333333332","8.824166666666668","9.085000000000002","7.530833333333332","7.0975","4.584416666666665","6.391833333333335","5.562483333333335","5.52161111111111","5.213083333333335","5.848555555555558","6.524166666666668","7.0465","7.548108333333332","7.006888888888888","2.827095833333332","2.775295255183412","2.551804166666668","2.460352564102564","2.39395","3.24125","2.99375","2.035","1.763333333333333","1.710833333333333","1.29","0.3504166666666665","0.3916666666666668","2.6825","5.3825","5.159166666666665","3.072916666666668"
"IMF.STA:MFS_IR(9.0.0)","HKG.GSTBILY_RT_PT_A_PT.A","OBS_VALUE","Hong Kong Special Administrative Region, People's Republic of China","Government securities: Treasury bills yields, Rate, Percent per annum","Annual","Units","","","","","","","","","","","","","","","","","","","","","","","","","","","","","","","","","","","","","","","","","","","3.83","3.17","4.28","5.729166666666665","5.045","6.425833333333332","7.285000000000002","5.350833333333335","5.925833333333332","3.2925","1.616666666666667","0.7499999999999998","0.2575","2.6875","3.638333333333335","3.1325","0.7058333333333332","0.06583333333333335","0.2333333333333334","0.135","0.1208333333333333","0.1175","0.08166666666666668","0.008333333333333335","0.2458333333333334","0.4933333333333332","1.316666666666667","1.745","0.4058333333333332","0.0375","1.5825","3.86","4.0075","2.445833333333333"
"IMF.STA:MFS_IR(9.0.0)","BHS.GSTBILY_RT_PT_A_PT.A","OBS_VALUE","Bahamas, The","Government securities: Treasury bills yields, Rate, Percent per annum","Annual","Units","","","","","","","","","","","","","","","","","","","","","","8.051111110333333","7.1833333325","7.013333332666668","7.442499999","6.6408333325","5.314999999083332","4.9199999995","3.4858333325","3.072499999166668","7.368333332833332","8.88916666625","8.761666666416668","9.108333332916668","6.87499999925","5.901666666","3.465833333166668","2.395833333333333","4.461666666666668","5.2125","5.851666666666665","6.49","5.324166666666668","3.96","1.878333333333333","3.009166666666668","4.453333333333332","4.348333333333332","3.8425","1.971666666666667","1.0325","1.9425","2.495","1.775833333333333","0.555","0.1408333333333333","0.8683333333333332","2.663208333333332","2.733858333333332","2.6169","2.277466666666667","1.248325","0.2357083333333333","0.2986166666666668","0.5333833333333332","0.6785166666666668","1.641058333333334","1.827966666666666","1.6925","1.605433333333333","1.795633333333333","2.583533333333332","2.8625","2.905833333333332","2.931666666666668","3.070833333333332"
"IMF.STA:MFS_IR(9.0.0)","MRT.GSTBILY_RT_PT_A_PT.A","OBS_VALUE","Mauritania, Islamic Republic of","Government securities: Treasury bills yields, Rate, Percent per annum","Annual","Units","","","","","","","","","","","","","","","","","","","","","","","","","","","","","","","","","","","","","","","","","","","","","5.43627557160048","6.79333333333333","8.90166666666667","10.4525","14.5708333333333","15.3958333333333","12.0466666666667","9.73325","5.89383333333333","5.01325","6.64366666666667","10.5841666666667","11.9166666666667","11.3933333333333","10.700041962663","10.9994710659306","8.43916666666667","0.0630583333333333","0.0292109722222222","2.58793668163","3.46916666666667","3.65659613637606","4.33396684952709","4.66920205707427","","","","","","","",""
"IMF.STA:MFS_IR(9.0.0)","UZB.GSTBILY_RT_PT_A_PT.A","OBS_VALUE","Uzbekistan, Republic of","Government securities: Treasury bills yields, Rate, Percent per annum","Annual","Units","","","","","","","","","","","","","","","","","","","","","","","","","","","","","","","","","","","","","","","","","","","","","","","","","","","","","","","","","","","","","","","","","","","","","14.4140415827809","13.19695527378663","13.87778865193309","13.28888119097802","16.35929059125","16.98456567895752","16.27233639305326",""
"IMF.STA:MFS_IR(9.0.0)","MNE.GSTBILY_RT_PT_A_PT.A","OBS_VALUE","Montenegro","Government securities: Treasury bills yields, Rate, Percent per annum","Annual","Units","","","","","","","","","","","","","","","","","","","","","","","","","","","","","","","","","","","","","","","","","","","","","","","","","","","","","","","10.39166666666666","6.026666666666665","1.2775","0.5241666666666668","0.49","3.181833544412888","3.204581325740985","2.664019607843138","4.734941371631102","3.246409067795468","1.351295818215492","0.6370966154816535","1.964166666666667","2.346666666666666","0.5333333333333335","0.5341666666666668","0.9040039302382712","0.9","1.386666666666667","3.951666666666668","3.75","3.75"
"IMF.STA:MFS_IR(9.0.0)","MWI.GSTBILY_RT_PT_A_PT.A","OBS_VALUE","Malawi","Government securities: Treasury bills yields, Rate, Percent per annum","Annual","Units","","","","","","","","","","","","","","","","","","","","","","","","","","","","","","","","","","11","11","12.3125","12.75","14.25","15.75","15.75","12.91666666666667","11.5","15.62416666666667","23.5375","27.6775","46.29916666666668","30.8325","18.30583333333333","32.98","42.85416666666668","39.51583333333332","42.41416666666668","41.74916666666668","39.26833333333332","28.575","24.39916666666667","19.27333333333334","13.94666666666666","11.28965645662987","10.14916666666666","7.16190600385453","6.562941666666668","14.32608333333333","29.558125","20.65708333333333","23.89666666666667","27.59583333333332","19.01733333333333","13.61333333333333","8.736666666666668","8.503158333333335","9.724166666666665","10.57712416666667","13.69925666666667","15.84298125",""
"IMF.STA:MFS_IR(9.0.0)","POL.GSTBILY_RT_PT_A_PT.A","OBS_VALUE","Poland, Republic of","Government securities: Treasury bills yields, Rate, Percent per annum","Annual","Units","","","","","","","","","","","","","","","","","","","","","","","","","","","","","","","","","","","","","","","","","","","44.93156370656368","33.84623337623338","29.40410660660662","26.1441655941656","20.73332689832691","22.02182432432433","18.90333333333333","12.98725","17.42316666666667","14.72708333333334","8.215750000000002","5.375","6.601666666666668","4.904166666666668","4.19","4.695333333333332","6.26875","4.55675","3.929916666666668","4.458","4.513333333333334","3.503333333333333","","","1.335","1.5325","","","","","","","",""
"IMF.STA:MFS_IR(9.0.0)","BEL.GSTBILY_RT_PT_A_PT.A","OBS_VALUE","Belgium","Government securities: Treasury bills yields, Rate, Percent per annum","Annual","Units","","","","","","","","5.15666666608333","4.974166666","4.5558333325","5.17416666583333","5.38333333266667","4.66083333258333","4.70666666566667","5.41666666583333","5.337499999","5.74166666591667","5.719999999","6.41166666575","6.89333333241667","7.05333333233333","6.832499999","6.67916666575","7.16666666566667","8.57666666608333","8.171666666","8.91249999925","8.88916666625","8.51666666633333","9.36999999933333","11.6766666660833","13.2483333328333","12.9533333329167","10.986666666","11.5999999999167","9.43583333258333","8.09083333333333","7.0025","6.6125","8.4475","9.6175","9.23333333333333","9.35583333333333","8.51666666666667","5.565","4.67333333333333","3.195","3.38166666666667","3.5075","2.71666666666667","4.01833333333333","4.1625","3.16916666666667","2.23333333333333","1.9725","2.02416666666667","2.7275","3.79916666666667","3.63083333333333","0.58","0.324166666666667","0.784166666666667","0.07","0.0233333333333333","0.0225","-0.238333333333333","-0.593333333333333","-0.658333333333333","","","","","","","",""
"IMF.STA:MFS_IR(9.0.0)","GRC.GSTBILY_RT_PT_A_PT.A","OBS_VALUE","Greece","Government securities: Treasury bills yields, Rate, Percent per annum","Annual","Units","","","","","","","","","","","","","","","","","","","","","","","","","","","","","","","","","","","","","","","","","","","","","","","","","","","6.220000000000002","4.083333333333332","3.495","2.336666666666667","2.273333333333334","2.333333333333333","3.4375","4.45","4.8125","1.616666666666666","1.350422869220152","2.005741283132073","1.110889816727258","0.5362211423238598","0.4763750078423995","0.1685212701549658","-0.03440997631595458","-0.1301101637492941","1.13","0.445","0.0575","-0.31","1.325","3.775","3.04","1.9975"
"IMF.STA:MFS_IR(9.0.0)","SWE.GSTBILY_RT_PT_A_PT.A","OBS_VALUE","Sweden","Government securities: Treasury bills yields, Rate, Percent per annum","Annual","Units","","","","","","","","","","","4.193749999125","4.59375","3.0125","3.89999999925","4.85833333266667","5.98333333258333","6.18333333291667","4.79583333325","5.9041666665","7.04166666666667","8.4375","5.85416666666667","3.75","2.79166666666667","6.85416666666667","7.29166666666667","6.5","9.41666666666667","6.625","6.79166666666667","11.5749999999167","12.54166666625","13.2166666661667","12.3399999995833","11.930833333","14.17416666625","9.83083333308333","9.39083333333333","10.0833333333333","11.4991666666667","13.6641666666667","11.5933333333333","12.8491666666667","8.35166666666667","7.40083333333333","8.74583333333333","5.7925","4.1075","4.19","3.1151","3.95460833333333","3.99564166666667","4.066575","3.03283333333333","2.10916666666667","1.71666666666667","2.33166666666667","3.5525","3.905","0.399166666666667","0.504166666666667","1.65416666666667","1.25333333333333","0.925","0.420833333333333","-0.289166666666667","-0.655833333333333","-0.660833333333333","","","","","","","",""
"IMF.STA:MFS_IR(9.0.0)","HUN.GSTBILY_RT_PT_A_PT.A","OBS_VALUE","Hungary","Government securities: Treasury bills yields, Rate, Percent per annum","Annual","Units","","","","","","","","","","","","","","","","","","","","","","","","","","","","","","","","","","","","","","","18","20.54583333333333","30.125","34.48333333333332","22.65","17.21666666666666","26.93333333333332","32.04166666666668","23.95833333333334","20.13333333333333","17.83333333333334","14.675","11.03333333333333","10.79166666666667","8.908333333333335","8.215844832525148","11.32492342069421","6.952957252729942","6.868123656562152","7.674301633013668","8.90398128025952","8.484462365591398","5.370462801282052","6.017723916666665","6.897382416666665","4.17991225","2.173934","1.162367","0.7338621666666668","0.02716633333333332","0.043122375","-0.001063333333333332","0.4599073333333332","0.8724339166666668","7.931894333333332","11.46264283333334","6.23689475","6.131094666666665"
"IMF.STA:MFS_IR(9.0.0)","ESP.GSTBILY_RT_PT_A_PT.A","OBS_VALUE","Spain","Government securities: Treasury bills yields, Rate, Percent per annum","Annual","Units","","","","","","","","","","","","","","","","","","","","","","","","","","","","","","","","","","","","","","14.045","10.78583333333333","13.565","14.16916666666667","12.45166666666666","12.43666666666666","10.53166666666667","8.1075","9.791666666666668","7.233333333333332","5.024166666666665","3.794166666666665","3.01","4.614166666666665","3.916666666666665","3.339166666666665","2.214166666666666","2.165833333333333","2.193333333333334","3.258333333333332","4.07","3.7125","0.9958333333333332","1.693333333333333","3.035","2.663333333333332","1.169166666666666","0.3864166666666665","0.05416666666666665","-0.1575","-0.3416666666666668","-0.375","-0.4116666666666665","-0.4125","-0.5458333333333332","0.775","3.383333333333332","3.0675","2.0275"
"IMF.STA:MFS_IR(9.0.0)","G163.GSTBILY_RT_PT_A_PT.A","OBS_VALUE","Euro Area (EA)","Government securities: Treasury bills yields, Rate, Percent per annum","Annual","Units","","","","","","","","","","","","","","","","","","","","","","","","","","","","","","","","","","","","","","","","","","","","","6.525","6.82","5.08833333333333","4.38083333333333","3.955","2.96583333333333","4.39166666666667","4.26166666666667","3.31833333333333","2.33333333333333","2.10666666666667","2.18583333333333","3.07916666666667","4.27833333333333","4.63416666666667","1.22833333333333","0.810833333333333","1.39138333333333","0.573175","0.22","0.21","-0.02","-0.263691666666667","-0.328875","","","","","","","",""
"IMF.STA:MFS_IR(9.0.0)","CZE.GSTBILY_RT_PT_A_PT.A","OBS_VALUE","Czech Republic","Government securities: Treasury bills yields, Rate, Percent per annum","Annual","Units","","","","","","","","","","","","","","","","","","","","","","","","","","","","","","","","","","","","","","","","","","","","8.343333333333335","6.456666666666668","8.540833333333332","10.51666666666667","10.92916666666667","14.145","7.2225","5.320833333333335","5.197190451973312","3.768262764410758","2.287833333333334","2.264833333333333","1.94825","2.135629833333333","2.838553916666668","3.724444444444443","1.981140416666667","0.9467666666666665","0.8327376666666668","0.616806253931409","0.1179056666666666","","-0.2168103344206425","-0.2499294037349561","-0.5411582207321442","0.481871906587924","","","","","","",""
"IMF.STA:MFS_IR(9.0.0)","TTO.GSTBILY_RT_PT_A_PT.A","OBS_VALUE","Trinidad and Tobago","Government securities: Treasury bills yields, Rate, Percent per annum","Annual","Units","","","","","","","","","","","","","","","4.769999999","4.817499999333332","4.933333332583335","5.128333332416668","5.816666665666668","5.144999999166668","5.322499999166665","5.112499999333335","3.734999999166668","4.364999999166668","5.570833332666668","3.984999999416668","3.979999999166668","3.934999999333332","3.599999999166668","3.154999999166668","3.069999999333332","3.058333332916668","3.049166666416668","3.07999999925","3.393333332666668","3.468333332833335","3.9875","4.63","4.875833333333335","7.129166666666668","7.5025","7.6725","9.256666666666665","9.4475","9.995000000000002","8.407499999999998","10.44416666666667","9.825208333333335","11.92583333333333","10.39583333333333","10.55833333333334","8.548403333333335","4.826180555555555","4.711666666666668","4.771666666666665","4.864166666666665","6.07","6.913333333333332","7.011666666666668","2.688333333333332","0.8458333333333335","0.53","0.365","0.1566666666666667","0.09666666666666665","0.4666666666666668","1.155833333333333","1.328333333333333","1.5","1.8725","1.250833333333333","0.4258333333333332","0.6475","1.101666666666667","2.5325","3.290833333333332"
"IMF.STA:MFS_IR(9.0.0)","ITA.GSTBILY_RT_PT_A_PT.A","OBS_VALUE","Italy","Government securities: Treasury bills yields, Rate, Percent per annum","Annual","Units","","","","","","","","","","","","","","","","","","","","","","","","","","","","15.29916666666667","11.98916666666667","12.51166666666667","15.915","19.7025","19.43766666666667","17.89480833333333","15.36725","13.711675","11.40416666666667","10.729375","11.1864","12.57963333333333","12.37861666666667","12.53656666666667","14.31791666666667","10.580575","9.16505","10.84959166666667","8.462508333333332","6.33335","4.59215","3.006433333333332","4.527891666666665","4.051608333333332","3.2643","2.187983333333333","2.0795","2.1724","3.182716666666668","4.035716666666668","3.7577","0.955","1.133333333333333","2.785833333333332","1.895","0.85525","0.4241","0.04866666666666668","-0.1675","-0.3358333333333332","0.12","-0.05725000000000002","-0.2048333333333333","-0.4875","0.8777916666666668","3.585858333333332","",""
"IMF.STA:MFS_IR(9.0.0)","BOL.GSTBILY_RT_PT_A_PT.A","OBS_VALUE","Bolivia","Government securities: Treasury bills yields, Rate, Percent per annum","Annual","Units","","","","","","","","","","","","","","","","","","","","","","","","","","","","","","","","","","","","","","","","","","","","","17.89166666666667","24.51333333333334","19.93416666666667","13.65083333333333","12.33166666666667","14.065","10.99333333333333","11.47551146271346","12.40557772546009","9.92465594875013","7.41137858281158","4.963763548332742","4.558260149281205","6.03619753822071","8.309203695372965","2.863302610896972","0.0699439735634928","0.4614762934041655","0.5230320075736242","1.09231300619372","1.977660739563308","0.574088888888889","0.2172","0.3489","","","","","0.1301","","","7.18519045435408"
"IMF.STA:MFS_IR(9.0.0)","GHA.GSTBILY_RT_PT_A_PT.A","OBS_VALUE","Ghana","Government securities: Treasury bills yields, Rate, Percent per annum","Annual","Units","","","","","","","","","","","","","","","","","","","","","","","","","","","","","13","13","13","13","13","13","14.15833333308334","17.13333333241666","18.46666666666667","21.7125","19.75583333333333","19.84166666666666","21.78333333333333","29.23333333333332","19.37666666666666","30.95333333333332","27.715","35.375","41.64","42.77333333333332","34.3325","26.36666666666668","36.27583333333332","40.9625","25.10604199295388","27.24583333333332","16.565125","14.89204166666666","9.94675","9.66375","16.96166666666666","23.76416666666667","13.28416666666667","10.40583333333333","17.79083333333333","20.8175","22.5675","23.60916666666667","20.93916666666667","13.625","13.1025","14.19166666666667","13.70272791666667","12.42304041666667","22.15921916666667","25.03043208333332","24.46103791666666","11.95795722222222"
"IMF.STA:MFS_IR(9.0.0)","NGA.GSTBILY_RT_PT_A_PT.A","OBS_VALUE","Nigeria","Government securities: Treasury bills yields, Rate, Percent per annum","Annual","Units","","","","","","","","","","","","","","","","","","","","","","","","","","","","","","","","","","","","","","","","","","17","17.89166666666667","24.5","12.86666666666667","12.5","12.25","12","12.25833333333333","17.81666666666667","15.5","17.5","19.0325","14.79083333333333","14.33916666666666","7.8275","8.879166666666668","6.82","8.203333333333332","3.785","3.848333333333332","9.700833333333332","13.635","10.8525","10.5425","9.393333333333332","10.14083333333333","13.41331667019158","10.08483293848151","9.635000000000002","1.6325","2.166666666666667","3.564166666666668","4.7325","16.01916666666667","16.5625"
"IMF.STA:MFS_IR(9.0.0)","ZAF.GSTBILY_RT_PT_A_PT.A","OBS_VALUE","South Africa","Government securities: Treasury bills yields, Rate, Percent per annum","Annual","Units","","","","","","","","3.25","3.5999999995","3.454999999416665","3.59749999925","4.249166666","2.776666666","1.988333332916667","2.901666665916668","4.044166666083332","4.20416666575","4.864166665833335","4.896666665750002","4.614166665833335","4.393333332416665","5.379166665749998","5.30416666575","3.145833332916668","5.427499999333332","6.118333332333335","7.434166665666668","7.872499998999998","7.807499999083335","5.258333332416668","4.641666665916668","9.802499999333332","15.59083333266667","13.44499999941666","19.33333333333333","17.564166666","10.4291666665","8.718333333333332","12.03083333333333","16.83583333333333","17.79583333333333","16.68333333333333","13.77083333333333","11.31166666666667","10.92916666666667","13.5275","15.03666666666666","15.2575","16.5325","12.85083333333333","10.11","9.676666666666668","11.1625","10.665","7.5325","6.905833333333332","7.339166666666665","9.115000000000002","10.8075","7.850833333333332","6.420000000000002","5.4875","5.285833333333332","5.078333333333332","5.8","6.0525","7.229166666666665","7.33","7.156666666666668","7.083333333333335","4.545833333333335","3.785","5.1475","7.939166666666668","8.2825","7.225833333333332"
